{"cameraMode":{"drawMode":0,"name":"Shaded","section":"Shading Mode"},"sceneLighting":true,"audioPlay":false,"sceneViewState":{"showFog":false,"showMaterialUpdate":false,"showSkybox":false,"showFlares":false,"showImageEffects":false,"showParticleSystems":false},"in2DMode":false,"pivot":{"x":-0.17009572684764863,"y":6.8717427253723148,"z":-5.040548324584961},"rotation":{"x":0.3384910821914673,"y":0.002833327278494835,"z":-0.0010197947267442942,"w":0.940976083278656},"size":1.5956058502197266,"orthographic":false}